<?xml version="1.0" encoding="UTF-8" standalone="yes"?>
<feed>
	<!-- resultLength indicates the total number of results for this feed -->
	<resultLength>2</resultLength>
	<!-- endIndix  indicates the number of results for this *paged* section of the feed -->
	<endIndex>2</endIndex>
	<item sd_img="http://youngstreetdesign.com/GeoffsChannel/images/sd.png" hd_img="http://youngstreetdesign.com/GeoffsChannel/images/hd.png">
		<title>Hatrs</title>
		<contentId>10001</contentId>
		<contentType>funny</contentType>
		<contentQuality>SD</contentQuality>
		<streamFormat>mov</streamFormat>
		<media>
			<streamQuality>SD</streamQuality>
			<streamBitrate>1500</streamBitrate>
			<streamUrl>http://youngstreetdesign.com/GeoffsChannel/Haters_Gonna_Hate.mov.mov</streamUrl>
		</media>
		<synopsis>woof</synopsis>
		<genres>Clip</genres>
		<runtime>28</runtime>
	</item>
    
    <item sd_img="http://youngstreetdesign.com/GeoffsChannel/images/sd.png" hd_img="http://youngstreetdesign.com/GeoffsChannel/images/hd.png">
        <title>Baby Sit Lord</title>
        <contentId>10001</contentId>
        <contentType>funny</contentType>
        <contentQuality>SD</contentQuality>
        <streamFormat>mov</streamFormat>
        <media>
            <streamQuality>SD</streamQuality>
            <streamBitrate>1500</streamBitrate>
            <streamUrl>http://youngstreetdesign.com/GeoffsChannel/My_daughter_has_chosen_the_Dark_Side._%5bORIGINAL%5d.mov</streamUrl>
        </media>
        <synopsis>woof</synopsis>
        <genres>Clip</genres>
        <runtime>28</runtime>
    </item>
</feed>
